Rank,URL
1,https://www.medicalnewstoday.com/articles/270406
2,https://www.healthline.com/nutrition/avocado-nutrition
3,https://www.webmd.com/diet/ss/slideshow-avocados-health-benefits
4,https://www.hsph.harvard.edu/nutritionsource/avocados/
5,https://www.health.com/nutrition/avocado-health-benefits
6,https://www.bbcgoodfood.com/howto/guide/health-benefits-avocado
7,https://health.clevelandclinic.org/why-avocados-are-a-healthy-addition-to-your-diet
8,https://www.taste.com.au/galleries/10-unsung-health-benefits-avocado/d0wto07u
9,https://www.cedars-sinai.org/blog/healthy-and-delicious-avocado.html
10,https://www.eatingwell.com/article/8026117/avocados-benefits/
11,https://www.eatingwell.com/article/8026117/avocados-benefits/
12,https://www.verywellfit.com/calories-in-an-avocado-3495640
13,https://www.ncbi.nlm.nih.gov/pmc/articles/PMC3664913/
14,https://pharmeasy.in/blog/10-amazing-health-benefits-of-the-avocado/
15,https://www.ncbi.nlm.nih.gov/pmc/articles/PMC3545982/
16,https://www.mindbodygreen.com/articles/avocado-benefits
17,https://www.cnn.com/2021/05/31/health/avocado-benefits-wellness/index.html
18,https://californiaavocado.com/nutrition/avocado-nutrition-facts/
19,https://www.everydayhealth.com/diet-nutrition/potential-health-benefits-of-avocados/
20,https://draxe.com/nutrition/avocado-benefits/
21,https://catalyst.harvard.edu/news/article/one-avocado-a-day-helps-lower-bad-cholesterol-for-heart-healthy-benefits/
22,https://www.verywellhealth.com/health-benefits-of-avocado-7553729
23,https://pubmed.ncbi.nlm.nih.gov/34959933/
24,https://www.medicinenet.com/what_are_the_benefits_of_avocado/article.htm
25,https://www.uclahealth.org/news/eating-an-avocado-daily-increases-elasticity-and-firmness-in-skin-study-shows
26,https://www.avocaderia.com/journal/unexpected-benefits-avocado-during-pregnancy
27,https://www.usda.gov/media/blog/2015/01/28/avocados-helping-draw-perfect-recipe-big-game
28,https://www.nbcnews.com/better/pop-culture/11-delicious-ways-enjoy-avocados-don-t-involve-avocado-toast-ncna878976
29,https://loveonetoday.com/
30,https://newsnetwork.mayoclinic.org/discussion/mayo-clinic-minute-avocado-gets-an-a-for-health-benefits/
31,https://fdc.nal.usda.gov/fdc-app.html#/food-details/171705/nutrients
32,https://www.nm.org/healthbeat/healthy-tips/nutrition/health-benefits-of-avocados-infographic
33,https://firstbitesnutrition.com/avocados-for-kids/
34,https://www.shape.com/healthy-eating/diet-tips/avocado-nutrition-facts
35,https://www.oceanhillsseniorliving.com/health-benefits-of-avocados-for-seniors/
36,https://www.health.harvard.edu/blog/enjoy-avocados-eating-one-a-week-may-lower-heart-disease-risk-202204112725
37,https://www.news-medical.net/health/Healthy-High-Fat-Alternatives-to-Avocado.aspx
38,https://www.linkedin.com/pulse/superfood-spotlight-remarkable-nutritional-benefits-greenland
39,https://www.baritomexican.com/avocados-great-health-benefits/
40,https://utswmed.org/medblog/avocado-a-day/
41,https://www.ahajournals.org/doi/10.1161/JAHA.121.024014
42,https://phillyintegrative.com/blog/unveiling-the-multifaceted-health-benefits-of-avocados
43,https://www.singlecare.com/blog/avocado-benefits/
44,https://zoe.com/learn/avocado-nutrition
45,https://www.today.com/health/diet-fitness/how-many-calories-in-avocado-rcna45348
46,https://share.upmc.com/2019/06/the-health-benefits-of-avocados/
47,https://www.ahmchealth.com/dhr/dhr/getpage.php?name=Health_Benefits_of_Avocado_Oil_20230426173222
48,https://avocadosfrommexico.com/avocado-nutrition/avocado-and-kids/
49,https://www.weightwatchers.com/us/blog/food/health-benefits-of-avocado
50,https://www.thepacker.com/markets/fruit/research-highlights-nutrition-benefits-avocados
51,https://huntingtonsdiseasenews.com/columns/why-im-now-advocate-health-benefits-avocados/
52,https://prodiadigital.com/en/articles/8-health-benefits-of-avocado
53,https://marypurdy.co/avocado-nutrition-episode-38/
54,https://www.kidney.org/atoz/content/avocados
55,https://scrippsamg.com/benefits-of-avocado/
56,https://lot.dhl.com/web-stories/non-nutritional-facts-about-avocados/
57,https://www.lancastergeneralhealth.org/health-hub-home/2016/january/good-n-healthy-avocadoegg-salad
58,https://www.diabetescarecommunity.ca/diet-and-fitness-articles/diabetes-diet-articles/an-avocado-a-day-keeps-cholesterol-away-the-health-benefits-of-avocado/
59,https://www.nutraingredients.com/Article/2023/11/29/Study-suggests-health-benefits-of-unripe-avocado-supplement-in-obese-participants
60,https://www.rosellakpt.com/blog/the-avocado-a-superfood-with-incredible-health-benefits
61,https://www.researchgate.net/publication/297736556_Avocado_Characteristics_health_benefits_and_uses
62,https://www.thehealthy.com/food/benefits-of-avocado/
63,https://parade.com/1221964/kaitlin-vogel/avocado-health-benefits/
64,https://www.usatoday.com/story/life/health-wellness/2023/08/29/are-avocados-good-for-you/70540590007/
65,https://www.daily-harvest.com/content/health-benefits-of-avocado
66,https://www.planetfitness.com/community/articles/5-powerful-health-benefits-avocados
67,https://www.hollandandbarrett.com/the-health-hub/food-drink/food/benefits-avocado-oil/
68,https://www.runnersworld.com/nutrition-weight-loss/a39315732/are-avocados-good-for-you/
69,https://www.arthritis.org/health-wellness/healthy-living/nutrition/healthy-eating/best-fruits-for-arthritis
70,https://www.amazon.com/HEALTH-BENEFITS-AVOCADO-Cooking-Health/dp/1505548152
71,https://cupitol.com/uncategorised/benefits-of-avocado-chicago-best-breakfast/
72,https://snaped.fns.usda.gov/resources/nutrition-education-materials/seasonal-produce-guide/avocados
73,https://www.pinterest.com/pin/60798663709756026/
74,https://www.realsimple.com/food-recipes/recipe-collections-favorites/popular-ingredients/avocado-nutrition
75,https://www.waterandrockstudio.com/18-health-benefits-avocados-avocado-pudding-recipe-non-dairy-paleo/
76,https://newsroom.heart.org/news/eating-two-servings-of-avocados-a-week-linked-to-lower-risk-of-cardiovascular-disease
77,https://sandragentleman.com/7-health-benefits-of-avocado-smoothies/
78,https://www.self.com/story/health-benefits-of-avocado
79,https://en.wikipedia.org/wiki/Avocado
80,https://www.franciscanhealth.org/community/blog/avocados-heart-health
81,https://elpollonorteno.net/the-amazing-health-benefit-of-avocados/
82,https://mexicalicantinagrill.com/health-benefits-of-avocado/
83,https://us.myprotein.com/thezone/nutrition/health-benefits-of-avocados/
84,https://www.lacucinaitaliana.com/trends/healthy-food/good-reasons-pair-eggs-with-avocado
85,https://greenly.earth/en-us/blog/ecology-news/what-is-the-avocados-environmental-impact
86,https://www.medindia.net/health/diet-and-nutrition/health-benefits-of-avocados.htm
87,https://www.tandfonline.com/doi/abs/10.1080/10408398.2011.556759
88,https://blog.snapkitchen.com/is-avocado-oil-as-healthy-as-avocado-fruit/
89,https://www.goodhousekeeping.com/health/diet-nutrition/a47998/avocado-nutrition/
90,https://time.com/5373190/is-guacamole-healthy-experts/
91,https://www.beechrestaurants.com/2021/09/24/1079/9-health-benefits-of-eating-our-avocado-toast-revealed/
92,https://foodrevolution.org/blog/avocado-health-benefits/
93,https://www.bicycling.com/news/a29628885/avocado-improves-ldl-cholesterol-study/
94,https://www.foodnetwork.com/healthyeats/recipes/2014/12/5-surprising-health-benefits-of-avocados
95,https://continentalhospitals.com/blog/15-health-benefits-of-avocados/
96,https://www.tasteofhome.com/collection/health-benefits-of-avocado/
97,https://selecthealth.org/blog/2018/03/ode-to-the-avocado
98,https://www.quora.com/What-are-the-nutritional-and-health-benefits-of-avocado-to-the-body
99,https://harvestright.com/blog/2018/6-health-benefits-from-eating-avocados/
100,https://www.californiaavocadogrowers.com/sites/default/files/documents/13-Health-Claim-for-Avocados-Approved-Spring-17.pdf
